,Project Name,Neighborhood,Zip Code,TtlProjUnits,RentUnits,OwnUnits,TtlMarket,MarketRent,MarketOwn,Total Income-Restricted,Income-Restricted Rental,Income-Restricted Ownership,Tenure,Public/ Private,Includes Senior Units?,Section 8
10,Alleyne (VUP) CDFI,Roxbury,02121,3,2,1,1.0,0.0,1.0,2,2,0.0,Ownership/Rental,Private,,
18,Andrade (VUP),Dorchester,02122,3,2,1,1.0,0.0,1.0,2,2,0.0,Ownership/Rental,Private,,
19,Andrew Square Apts,South Boston,02127,9,9,0,0.0,0.0,0.0,9,9,0.0,Rental,Private,,
41,Bailey (VUP),Roxbury,02121,1,1,0,0.0,0.0,0.0,1,1,0.0,Rental,Private,,
45,Baptista (VUP),Dorchester,02125,1,1,0,0.0,0.0,0.0,1,1,0.0,Rental,Private,,
50,Basilica (667-6),Charlestown,02129,5,5,0,0.0,0.0,0.0,5,5,0.0,Rental,Public,Y,
54,Bay Cove Group Homes IV,Dorchester,02125,9,9,0,1.0,1.0,0.0,8,8,0.0,Rental,Private,,
58,Beasley (VUP),Dorchester,02121,2,1,1,1.0,0.0,1.0,1,1,0.0,Ownership/Rental,Private,,
65,BHA Infill 2 - Urban Edge,Roxbury,02119,15,5,10,0.0,0.0,0.0,15,5,10.0,Ownership/Rental,Private,,
66,BHA Infill 3 - Nuestra,Roxbury,02119,10,4,6,0.0,0.0,0.0,10,4,6.0,Ownership/Rental,Private,,
76,Bird St. Estates,Roxbury,02125,8,1,7,0.0,0.0,0.0,8,1,7.0,Ownership/Rental,Private,,
83,Blue Hill Commons,Roxbury,02119,8,1,7,0.0,0.0,0.0,8,1,7.0,Ownership/Rental,Private,,
94,Bowdoin Geneva Phase III (HOME AGAIN),Dorchester,02122,20,2,18,0.0,0.0,0.0,20,2,18.0,Ownership/Rental,Private,,
98,Bowdoin/Geneva (Phase II),Dorchester,02125,10,5,5,2.0,1.0,1.0,8,4,4.0,Ownership/Rental,Private,,
99,Bowdoin-Geneva & Dudley FTHB,Dorchester,02125,3,2,1,0.0,0.0,0.0,3,2,1.0,Ownership/Rental,Private,,
100,Bowdoin-Geneva & Dudley Rental,Roxbury,02119,3,3,0,0.0,0.0,0.0,3,3,0.0,Rental,Private,,
101,Bowen (VUP),Dorchester,02124,2,1,1,1.0,0.0,1.0,1,1,0.0,Ownership/Rental,Private,,
105,Bradlee-Fowler,Dorchester,02124,3,1,2,0.0,0.0,0.0,3,1,2.0,Ownership/Rental,Private,,
108,Brantley (VUP),Mattapan,02126,2,1,1,1.0,0.0,1.0,1,1,0.0,Ownership/Rental,Private,,
109,Braxton (VUP),Dorchester,02121,2,1,1,1.0,0.0,1.0,1,1,0.0,Ownership/Rental,Private,,
117,"Brookford, Dalin and Dean St. Homes (Julian Phase 2 HOME AGAIN)",Roxbury,02125,18,1,17,0.0,0.0,0.0,18,1,17.0,Ownership/Rental,Private,,
119,Brookview House,Dorchester,02124,8,8,0,0.0,0.0,0.0,8,8,0.0,Rental,Private,,
122,Brown (VUP),Dorchester,02121,3,2,1,1.0,0.0,1.0,2,2,0.0,Ownership/Rental,Private,,
123,"Brown, J & D (VUP)",Roxbury,02121,1,1,0,0.0,0.0,0.0,1,1,0.0,Rental,Private,,
126,Brunswick Street,Dorchester,02121,3,3,0,0.0,0.0,0.0,3,3,0.0,Rental,Private,,
142,Callender|Floyd|Stratton NHI 1,Dorchester,02124,2,1,1,0.0,0.0,0.0,2,1,1.0,Ownership/Rental,Private,,
143,Callender|Floyd|Stratton NHI 2,Dorchester,02124,2,1,1,0.0,0.0,0.0,2,1,1.0,Ownership/Rental,Private,,
145,Callender|Floyd|Stratton NHI 4,Mattapan,02124,2,1,1,0.0,0.0,0.0,2,1,1.0,Ownership/Rental,Private,,
146,Callender|Floyd|Stratton NHI 5,Mattapan,02124,2,1,1,0.0,0.0,0.0,2,1,1.0,Ownership/Rental,Private,,
148,Callender|Floyd|Stratton NHI 7,Dorchester,02124,2,1,1,0.0,0.0,0.0,2,1,1.0,Ownership,Private,,
149,Callender|Floyd|Stratton NHI 8,Mattapan,02124,2,1,1,0.0,0.0,0.0,2,1,1.0,Ownership/Rental,Private,,
151,Callender|Tucker NHI 1,Dorchester,02124,2,1,1,0.0,0.0,0.0,2,1,1.0,Ownership,Private,,
152,Callender|Tucker NHI 2,Dorchester,02124,2,1,1,0.0,0.0,0.0,2,1,1.0,Ownership/Rental,Private,,
153,Callender|Tucker NHI 3,Dorchester,02124,2,1,1,0.0,0.0,0.0,2,1,1.0,Ownership,Private,,
154,Callender|Tucker NHI 4,Dorchester,02124,2,1,1,0.0,0.0,0.0,2,1,1.0,Ownership,Private,,
158,Cardella (VUP),South Boston,02127,2,1,1,0.0,0.0,0.0,2,1,1.0,Ownership/Rental,Private,,
166,Carroll (VUP),Roxbury,02125,2,1,1,1.0,0.0,1.0,1,1,0.0,Ownership/Rental,Private,,
167,Carvalho (VUP),Dorchester,02122,2,2,0,0.0,0.0,0.0,2,2,0.0,Rental,Private,,
168,Cary Cottage,Roxbury,02119,10,10,0,0.0,0.0,0.0,10,10,0.0,Rental,Private,,
169,Casa Familias Unidas,Roxbury,02119,9,9,0,0.0,0.0,0.0,9,9,0.0,Rental,Private,,
171,Casa Nueva Vida,Jamaica Plain,02130,7,7,0,0.0,0.0,0.0,7,7,0.0,Rental,Private,,
181,Chaisson (VUP),Dorchester,02125,2,1,1,1.0,0.0,1.0,1,1,0.0,Ownership/Rental,Private,,
196,Chestnut Avenue (p/o Self Help Apts),Jamaica Plain,02130,3,3,0,0.0,0.0,0.0,3,3,0.0,Rental,Private,,
212,Columbia Road/Lighthouse,Dorchester,02125,4,4,0,0.0,0.0,0.0,4,4,0.0,Rental,Private,,
221,Condor-Havre Garden Apartments,East Boston,02128,7,7,0,0.0,0.0,0.0,7,7,0.0,Rental,Private,,
235,Crawford House Apts,Roxbury,02121,9,9,0,0.0,0.0,0.0,9,9,0.0,Rental,Private,,Y
242,DaRosa (VUP),Dorchester,02122,1,1,0,0.0,0.0,0.0,1,1,0.0,Rental,Private,,
246,Davis (VUP),Roxbury,02125,2,2,0,0.0,0.0,0.0,2,2,0.0,Rental,Private,,
248,DeMarco (VUP),East Boston,02128,2,1,1,1.0,0.0,1.0,1,1,0.0,Ownership/Rental,Private,,
251,DiGirolamo (VUP),East Boston,02128,2,1,1,1.0,0.0,1.0,1,1,0.0,Ownership/Rental,Private,,
252,Dillon (VUP),Dorchester,02122,2,1,1,1.0,0.0,1.0,1,1,0.0,Ownership/Rental,Private,,
255,Disilvio (VUP),East Boston,02128,2,1,1,1.0,0.0,1.0,1,1,0.0,Ownership/Rental,Private,,
259,Domicilia I & II,Dorchester,02122,10,10,0,0.0,0.0,0.0,10,10,0.0,Rental,Private,Y,Y
260,Domicilia III,Jamaica Plain,02130,8,8,0,0.0,0.0,0.0,8,8,0.0,Rental,Private,,Y
270,Dumas|Mascot Neighborhood Homes,Dorchester,02124,7,3,4,2.0,1.0,1.0,5,2,3.0,Ownership/Rental,Private,,
271,Dunmore Place,Roxbury,02119,6,6,0,0.0,0.0,0.0,6,6,0.0,Rental,Private,,
272,Dwight St Apts,South End,02118,9,9,0,0.0,0.0,0.0,9,9,0.0,Rental,Private,,
287,Elven Road,Roslindale,02131,8,3,5,0.0,0.0,0.0,8,3,5.0,Ownership/Rental,Private,,
289,Epps (VUP),Dorchester,02121,2,1,1,1.0,0.0,1.0,1,1,0.0,Ownership/Rental,Private,,
303,FDIC Scattered Site Condo Project,Brighton,02135,9,4,5,0.0,0.0,0.0,9,4,5.0,Ownership/Rental,Private,,
308,Fenwick Gardens - Home Again,Dorchester,02125,15,1,14,0.0,0.0,0.0,15,1,14.0,Ownership/Rental,Private,,
309,Fernald State School (689-?),Dorchester,02125,8,8,0,0.0,0.0,0.0,8,8,0.0,Rental,Public,,
316,Ford (VUP),Mattapan,02126,3,2,1,1.0,0.0,1.0,2,2,0.0,Ownership/Rental,Private,,
321,Forest|Vine NHI 1,Roxbury,02119,5,2,3,0.0,0.0,0.0,5,2,3.0,Ownership/Rental,Private,,
325,Foster (VUP),Roxbury,02121,2,1,1,1.0,0.0,1.0,1,1,0.0,Ownership/Rental,Private,,
330,Franklin Field South/Highland Pk Estates,Dorchester,02124,22,4,18,0.0,0.0,0.0,22,4,18.0,Ownership/Rental,Private,,
331,Franklin Fld South II - HOME AGAIN,Dorchester,02124,23,1,22,0.0,0.0,0.0,23,1,22.0,Ownership/Rental,Private,,
338,Friend's House,Jamaica Plain,02130,9,9,0,0.0,0.0,0.0,9,9,0.0,Rental,Private,,
344,Garrison Trotter Phase I - HOME AGAIN,Roxbury,02121,18,2,16,6.0,0.0,6.0,12,2,10.0,Ownership/Rental,Private,,
355,Gleason Street MIHI Package 2,Dorchester,02121,8,8,0,0.0,0.0,0.0,8,8,0.0,Rental,Private,,
357,Glenway|Roxton NHI,Dorchester,02121,6,3,3,0.0,0.0,0.0,6,3,3.0,Ownership/Rental,Private,,
359,Gomes (VUP),Dorchester,02124,1,1,0,0.0,0.0,0.0,1,1,0.0,Rental,Private,,
360,Goodale Rd. - HOME AGAIN,Mattapan,02126,10,5,5,0.0,0.0,0.0,10,5,5.0,Ownership/Rental,Private,,
375,Green (VUP),Dorchester,02121,2,1,1,1.0,0.0,1.0,1,1,0.0,Ownership/Rental,Private,,
376,Green (VUP) CDFI,Dorchester,02121,2,1,1,1.0,0.0,1.0,1,1,0.0,Ownership/Rental,Private,,
379,Grubow (VUP),Mattapan,02126,2,1,1,1.0,0.0,1.0,1,1,0.0,Ownership/Rental,Private,,
380,Guaetta (VUP),East Boston,02128,2,1,1,1.0,0.0,1.0,1,1,0.0,Ownership/Rental,Private,,
386,Habitat Woodbine St,Roxbury,02119,2,1,1,0.0,0.0,0.0,2,1,1.0,Ownership/Rental,Private,,
394,Haraska (VUP),Dorchester,02122,2,1,1,1.0,0.0,1.0,1,1,0.0,Ownership/Rental,Private,,
397,Hargrove (VUP),Roxbury,02119,3,2,1,1.0,0.0,1.0,2,2,0.0,Ownership/Rental,Private,,
398,Harrison Commons,South End,02118,196,9,187,186.0,0.0,186.0,10,9,1.0,Ownership/Rental,Private,,
410,Hiawatha|Mattapan Neighborhood Homes,Mattapan,02126,8,2,6,2.0,1.0,1.0,6,1,5.0,Ownership,Private,,
414,Highland Park Estates - Home Again,Roxbury,02119,6,1,5,0.0,0.0,0.0,6,1,5.0,Ownership/Rental,Private,,
415,Highland Park II (Affordable),Roxbury,02119,11,1,10,3.0,0.0,3.0,8,1,7.0,Ownership/Rental,Private,,
418,Hoffman (VUP) CDFI,Dorchester,02124,2,1,1,1.0,0.0,1.0,1,1,0.0,Ownership/Rental,Private,,
420,Holmes (VUP),Dorchester,02121,2,2,0,1.0,1.0,0.0,1,1,0.0,Rental,Private,,
421,Home Again (Back of the Hill),Mission Hill,02120,22,6,16,0.0,0.0,0.0,22,6,16.0,Ownership/Rental,Private,,
424,Homestead House,Roxbury,02121,6,6,0,1.0,1.0,0.0,5,5,0.0,Rental,Private,,
427,Hopkins-Capen-Mountain-Fuller,Dorchester,02124,9,5,4,0.0,0.0,0.0,9,5,4.0,Ownership/Rental,Private,,
428,Horizons I,Mattapan,02126,7,7,0,1.0,1.0,0.0,6,6,0.0,Rental,Public,,
436,Hunt (VUP),Dorchester,02121,2,2,0,0.0,0.0,0.0,2,2,0.0,Rental,Private,,
438,Hurley (VUP),Dorchester,02122,2,1,1,1.0,0.0,1.0,1,1,0.0,Ownership/Rental,Private,,
441,Hyde/Jackson Homes,Jamaica Plain,02130,13,2,11,0.0,0.0,0.0,13,2,11.0,Ownership/Rental,Private,,
444,Independent Living Project,Hyde Park,02136,6,6,0,0.0,0.0,0.0,6,6,0.0,Rental,Private,,
449,Infill I (MHFA) ?,Dorchester,02124,8,8,0,0.0,0.0,0.0,8,8,0.0,Rental,Public,,
450,Ingram (VUP),Roxbury,02121,3,2,1,1.0,0.0,1.0,2,2,0.0,Ownership/Rental,Private,,
455,Intervale St. HOME AGAIN,Dorchester,02121,15,2,13,0.0,0.0,0.0,15,2,13.0,Ownership/Rental,Private,,
456,Intervale-Fayston,Dorchester,02121,5,3,2,0.0,0.0,0.0,5,3,2.0,Ownership/Rental,Private,,
460,Jackson (VUP),Dorchester,02124,2,1,1,1.0,0.0,1.0,1,1,0.0,Ownership/Rental,Private,,
467,Johnson (VUP) CDFI,Dorchester,02121,2,1,1,1.0,0.0,1.0,1,1,0.0,Ownership/Rental,Private,,
470,Julian Phase I - HOME AGAIN,Roxbury,02119,13,2,11,0.0,0.0,0.0,13,2,11.0,Ownership/Rental,Private,,
471,KAFANM - Circle of Haitian Women (aka Women's Institute),Dorchester,02124,6,6,0,0.0,0.0,0.0,6,6,0.0,Rental,Private,,
473,Keazer (VUP),Dorchester,02124,2,1,1,1.0,0.0,1.0,1,1,0.0,Ownership/Rental,Private,,
474,Kelley (VUP),Jamaica Plain,02119,2,1,1,1.0,0.0,1.0,1,1,0.0,Ownership/Rental,Private,,
476,Ketchen (VUP),Roxbury,02119,2,1,1,1.0,0.0,1.0,1,1,0.0,Ownership/Rental,Private,,
478,Kimbrough (VUP),Dorchester,02124,2,1,1,1.0,0.0,1.0,1,1,0.0,Ownership/Rental,Private,,
483,Lamartine Homes - Home Again,Jamaica Plain,02130,10,2,8,0.0,0.0,0.0,10,2,8.0,Ownership/Rental,Private,,
488,Laramie (VUP),Hyde Park,02136,2,1,1,1.0,0.0,1.0,1,1,0.0,Rental,Private,,
489,Larchmont Residence,Dorchester,02124,8,8,0,0.0,0.0,0.0,8,8,0.0,Rental,Private,,
490,Larkin (VUP),Jamaica Plain,02130,1,1,0,0.0,0.0,0.0,1,1,0.0,Rental,Private,,
492,Lawrence (VUP),Dorchester,02121,2,1,1,1.0,0.0,1.0,1,1,0.0,Ownership/Rental,Private,,
513,Lucky Strike Residential Project,Dorchester,02122,22,3,19,19.0,0.0,19.0,3,3,0.0,Ownership/Rental,Private,,
514,Luis (VUP),Dorchester,02124,2,1,1,1.0,0.0,1.0,1,1,0.0,Ownership/Rental,Private,,
517,M Walsh (VUP),Dorchester,02122,2,2,0,0.0,0.0,0.0,2,2,0.0,Rental,Private,,
520,M.R. Smith (VUP),Mattapan,02126,2,1,1,1.0,0.0,1.0,1,1,0.0,Ownership/Rental,Private,,
529,Manganello (VUP),East Boston,02128,2,1,1,1.0,0.0,1.0,1,1,0.0,Ownership/Rental,Private,,
533,Marriro (VUP) CDFI,Roxbury,02121,3,2,1,1.0,0.0,1.0,2,2,0.0,Ownership/Rental,Private,,
534,Martinex-Alamo (VUP),Roxbury,02125,3,2,1,1.0,0.0,1.0,2,2,0.0,Ownership/Rental,Private,,
547,Mendes (VUP),Dorchester,02125,3,2,1,1.0,0.0,1.0,2,2,0.0,Ownership/Rental,Private,,
548,Meranda (VUP),Dorchester,02121,2,1,1,1.0,0.0,1.0,1,1,0.0,Ownership/Rental,Private,,
554,MHPI Community Apartments,Mission Hill,02120,6,6,0,0.0,0.0,0.0,6,6,0.0,Rental,Private,,
557,MHPI IV-A,Jamaica Plain,02130,10,10,0,0.0,0.0,0.0,10,10,0.0,Rental,Private,,Y
558,MHPI IV-B,Roxbury,02119,10,10,0,0.0,0.0,0.0,10,10,0.0,Rental,Private,,Y
564,Miller (VUP),Dorchester,02122,1,1,0,0.0,0.0,0.0,1,1,0.0,Rental,Private,,
570,Mission Hill Phase I - HOME AGAIN,Mission Hill,02120,22,6,16,0.0,0.0,0.0,22,6,16.0,Ownership/Rental,Private,,
573,Mission Hill-Phase III - Home Again,Mission Hill,02120,24,6,18,0.0,0.0,0.0,24,6,18.0,Ownership/Rental,Private,,
582,Montebello Rd Coop,Jamaica Plain,02130,7,7,0,0.0,0.0,0.0,7,7,0.0,Cooperative,Private,,
583,Moore (VUP),Mattapan,02126,2,1,1,1.0,0.0,1.0,1,1,0.0,Ownership/Rental,Private,,
593,Mt. Bowdoin/Erie Ellington - HOME AGAIN,Dorchester,02121,16,6,10,0.0,0.0,0.0,16,6,10.0,Ownership/Rental,Private,,
594,Munevar (VUP),Jamaica Plain,02130,3,2,1,1.0,0.0,1.0,2,2,0.0,Ownership/Rental,Private,,
613,Norflett (VUP),Dorchester,02121,2,1,1,1.0,0.0,1.0,1,1,0.0,Ownership/Rental,Private,,
614,Norfolk Street Transitional,Mattapan,02126,3,3,0,0.0,0.0,0.0,3,3,0.0,Rental,Private,,
621,Norwell Whitfield (HOME AGAIN),Dorchester,02124,20,2,18,0.0,0.0,0.0,20,2,18.0,Ownership/Rental,Private,,
629,Oliveira (VUP),Dorchester,02125,2,1,1,1.0,0.0,1.0,1,1,0.0,Ownership/Rental,Private,,
647,Owens (VUP),Dorchester,02121,2,2,0,0.0,0.0,0.0,2,2,0.0,Rental,Private,,
667,Parry (VUP),Roxbury,02121,2,2,0,0.0,0.0,0.0,2,2,0.0,Rental,Private,,
669,Pass (VUP),Dorchester,02124,2,1,1,1.0,0.0,1.0,1,1,0.0,Ownership/Rental,Private,,
671,Patrick (VUP),Mattapan,02126,2,1,1,1.0,0.0,1.0,1,1,0.0,Ownership/Rental,Private,,
677,Pereira (VUP),Dorchester,02125,2,1,1,1.0,0.0,1.0,1,1,0.0,Ownership/Rental,Private,,
678,Perkins (VUP),Mattapan,02126,2,1,1,1.0,0.0,1.0,1,1,0.0,Ownership/Rental,Private,,
680,Peters (VUP),Dorchester,02121,2,1,1,1.0,0.0,1.0,1,1,0.0,Ownership/Rental,Private,,
686,Pinnock (VUP),Mattapan,02126,2,1,1,1.0,0.0,1.0,1,1,0.0,Ownership/Rental,Private,,
689,Portis Family House,Jamaica Plain,02115,7,7,0,0.0,0.0,0.0,7,7,0.0,Rental,Private,,
690,Powell (VUP),Roxbury,02121,2,1,1,1.0,0.0,1.0,1,1,0.0,Ownership/Rental,Private,,
693,Putnam Place,Roxbury,02121,9,1,8,2.0,0.0,2.0,7,1,6.0,Ownership/Rental,Private,,
699,Raven-Ramsey-Folsom,Dorchester,02125,7,4,3,1.0,0.0,1.0,6,3,3.0,Ownership/Rental,Private,,
700,Reddick (VUP),Roxbury,02119,2,1,1,1.0,0.0,1.0,1,1,0.0,Ownership/Rental,Private,,
709,RMSC Family House Shelter Conversion,Dorchester,02121,8,8,0,0.0,0.0,0.0,8,8,0.0,Rental,Private,,
711,Robinson (VUP),Dorchester,02121,2,1,1,1.0,0.0,1.0,1,1,0.0,Ownership/Rental,Private,,
716,Rodrigues (VUP),Jamaica Plain,02130,2,2,0,1.0,1.0,0.0,1,1,0.0,Rental,Private,,
731,Rutland Square,South End,02118,5,5,0,0.0,0.0,0.0,5,5,0.0,Rental,Private,,
734,Safe Haven,Back Bay,02116,6,6,0,0.0,0.0,0.0,6,6,0.0,Rental,Private,,
738,Sargent Street Homes - Home Again,Roxbury,02125,16,5,11,0.0,0.0,0.0,16,5,11.0,Ownership/Rental,Private,,
747,SECD Housing,Roxbury,02118,10,10,0,0.0,0.0,0.0,10,10,0.0,Rental,Private,,Y
756,Singleton (VUP),East Boston,02128,2,1,1,1.0,0.0,1.0,1,1,0.0,Ownership/Rental,Private,,
757,Siochain II,East Boston,02128,6,6,0,0.0,0.0,0.0,6,6,0.0,Rental,Private,,
762,"Smith, Steven (VUP)",Dorchester,02121,1,1,0,0.0,0.0,0.0,1,1,0.0,Rental,Private,,
763,Soares (VUP),Roxbury,02125,1,1,0,0.0,0.0,0.0,1,1,0.0,Rental,Private,,
773,SOUTH END APARTMENTS RENOVATION PROJECT,Roxbury,02118,5,5,0,0.0,0.0,0.0,5,5,0.0,Rental,Private,,
774,South End CHC,South End,02118,60,2,58,54.0,0.0,54.0,6,2,4.0,Ownership/Rental,Private,,
790,St John of God - Market & Clergy,Brighton,02135,92,8,84,84.0,0.0,84.0,8,8,0.0,Ownership/Rental,Private,,
796,Stanwood Homes - Home Again,Dorchester,02121,19,7,12,0.0,0.0,0.0,19,7,12.0,Ownership/Rental,Private,,
797,Stille (VUP),South Boston,02127,2,1,1,1.0,0.0,1.0,1,1,0.0,Ownership/Rental,Private,,
803,Sullivan (VUP),Dorchester,02121,1,1,0,0.0,0.0,0.0,1,1,0.0,Rental,Private,,
815,Suppressed18,Dorchester,02122,4,4,0,0.0,0.0,0.0,4,4,0.0,Rental,Private,,
816,Suppressed19,Dorchester,02122,6,6,0,0.0,0.0,0.0,6,6,0.0,Rental,Private,,
818,Suppressed20,Dorchester,02125,6,6,0,0.0,0.0,0.0,6,6,0.0,Rental,Private,,
819,Suppressed21,South End,02118,3,3,0,0.0,0.0,0.0,3,3,0.0,Rental,Private,,
821,Suppressed23,Dorchester,02124,4,4,0,0.0,0.0,0.0,4,4,0.0,Rental,Private,,
822,Suppressed24,Dorchester,02124,5,5,0,0.0,0.0,0.0,5,5,0.0,Rental,Private,,
826,Suppressed28,Jamaica Plain,02130,6,6,0,0.0,0.0,0.0,6,6,0.0,Rental,Private,,
827,Suppressed29,Mattapan,02126,8,8,0,0.0,0.0,0.0,8,8,0.0,Rental,Private,,
836,Suppressed4,Dorchester,02125,9,9,0,1.0,1.0,0.0,8,8,0.0,Rental,Private,,Y
838,Suppressed6,West Roxbury,02132,4,4,0,0.0,0.0,0.0,4,4,0.0,Rental,Private,,
841,Suppressed9,Roxbury,02119,9,9,0,0.0,0.0,0.0,9,9,0.0,Rental,Private,,
853,Tate (VUP),Dorchester,02124,2,1,1,0.0,0.0,0.0,2,1,1.0,Ownership/Rental,Private,,
857,Tebroc Levant (HOME AGAIN),Dorchester,02124,5,1,4,0.0,0.0,0.0,5,1,4.0,Ownership/Rental,Private,,
859,Ten Most Wanted - 1,Dorchester,02121,3,2,1,0.0,0.0,0.0,3,2,1.0,Ownership/Rental,Private,,
860,Ten Most Wanted - 10,Roxbury,02125,3,2,1,0.0,0.0,0.0,3,2,1.0,Ownership/Rental,Private,,
861,Ten Most Wanted - 11,Dorchester,02121,2,1,1,0.0,0.0,0.0,2,1,1.0,Ownership/Rental,Private,,
863,Ten Most Wanted - 13,Roxbury,02119,2,1,1,0.0,0.0,0.0,2,1,1.0,Ownership/Rental,Private,,
864,Ten Most Wanted - 14,Dorchester,02124,2,1,1,0.0,0.0,0.0,2,1,1.0,Ownership/Rental,Private,,
866,Ten Most Wanted - 2,Mattapan,02126,2,1,1,0.0,0.0,0.0,2,1,1.0,Ownership/Rental,Private,,
867,Ten Most Wanted - 3,Roxbury,02119,4,2,2,0.0,0.0,0.0,4,2,2.0,Ownership/Rental,Private,,
868,Ten Most Wanted - 4,Dorchester,02122,2,1,1,0.0,0.0,0.0,2,1,1.0,Ownership/Rental,Private,,
869,Ten Most Wanted - 5,Dorchester,02121,2,1,1,0.0,0.0,0.0,2,1,1.0,Ownership/Rental,Private,,
870,Ten Most Wanted - 6,Dorchester,02121,2,1,1,0.0,0.0,0.0,2,1,1.0,Ownership/Rental,Private,,
871,Ten Most Wanted - 7,Dorchester,02124,2,1,1,0.0,0.0,0.0,2,1,1.0,Ownership,Private,,
872,Ten Most Wanted - 8,Dorchester,02121,3,2,1,2.0,2.0,0.0,1,0,1.0,Ownership,Private,,
873,Ten Most Wanted - 9,Dorchester,02121,2,1,1,0.0,0.0,0.0,2,1,1.0,Ownership/Rental,Private,,
875,Thane St Apts,Dorchester,02124,6,6,0,0.0,0.0,0.0,6,6,0.0,Rental,Private,,Y
884,The Bulfinch,Mission Hill,02120,5,5,0,0.0,0.0,0.0,5,5,0.0,Ownership,Private,,
902,The Mt Vernon,Allston,02134,7,7,0,5.0,5.0,0.0,2,2,0.0,Rental,Private,,
915,Thetford-Dyer Neighborhood Homes,Dorchester,02124,16,7,9,6.0,6.0,0.0,10,4,6.0,Ownership/Rental,Private,,
926,Trull/Ware Homes,Dorchester,02125,4,1,3,0.0,0.0,0.0,4,1,3.0,Ownership/Rental,Private,,
940,Valenchuck (VUP),Dorchester,02122,2,2,0,0.0,0.0,0.0,2,2,0.0,Rental,Private,,
942,Vet Step Up,Roxbury,02121,10,10,0,0.0,0.0,0.0,10,10,0.0,Rental,Private,,
947,Victory House,South End,02118,6,6,0,0.0,0.0,0.0,6,6,0.0,Rental,Private,,
948,Viet-AID,Dorchester,02122,6,6,0,0.0,0.0,0.0,6,6,0.0,Rental,Private,,
951,Vines (VUP) CDFI,Dorchester,02121,2,2,0,0.0,0.0,0.0,2,2,0.0,Rental,Private,,
969,Warren St Nursing Home,Roxbury,02121,9,9,0,0.0,0.0,0.0,9,9,0.0,Rental,Private,,
981,Watson (VUP),Dorchester,02124,2,2,0,0.0,0.0,0.0,2,2,0.0,Rental,Private,,
983,Waverly Homes II,Roxbury,02125,9,2,7,0.0,0.0,0.0,9,2,7.0,Ownership/Rental,Private,,
991,Wellington Hill Phase I,Dorchester,02126,23,9,14,0.0,0.0,0.0,23,9,14.0,Ownership/Rental,Private,,
992,Wellington Hill Phase II,Mattapan,02126,8,3,5,0.0,0.0,0.0,8,3,5.0,Ownership/Rental,Private,,
993,Welsh (VUP),Brighton,02135,1,1,0,0.0,0.0,0.0,1,1,0.0,Rental,Private,,
996,West Fenway Elderly,South End,02118,5,5,0,0.0,0.0,0.0,5,5,0.0,Rental,Private,Y,
999,West Roxbury Residences,West Roxbury,02132,4,4,0,0.0,0.0,0.0,4,4,0.0,Rental,Private,,
1008,Williams (VUP),Roxbury,02119,2,1,1,1.0,0.0,1.0,1,1,0.0,Ownership/Rental,Private,,
1009,Willowwood|Hildreth NHI,Dorchester,02124,8,4,4,0.0,0.0,0.0,8,4,4.0,Ownership/Rental,Private,,
1011,Winslow Court,Roxbury,02119,24,5,19,0.0,0.0,0.0,24,5,19.0,Ownership/Rental,Private,,
1013,Wood (VUP),Dorchester,02124,1,1,0,0.0,0.0,0.0,1,1,0.0,Rental,Private,,
1016,Woodledge/Granfield,Roslindale,02131,6,6,0,0.0,0.0,0.0,6,6,0.0,Rental,Private,,
1021,Wrentham St School,Mission Hill,02120,8,8,0,0.0,0.0,0.0,8,8,0.0,Rental,Private,,
1023,x & 50 Corbet (REMS Land),Dorchester,02124,2,1,1,0.0,0.0,0.0,2,1,1.0,Ownership/Rental,Private,,
1028,x Adams Street,Dorchester,02122,3,3,0,0.0,0.0,0.0,3,3,0.0,Rental,Private,,
1030,x Algonquin St,Dorchester,02124,9,9,0,1.0,1.0,0.0,8,8,0.0,Rental,Private,,
1031,x Alpine Street,Roxbury,02119,3,3,0,0.0,0.0,0.0,3,3,0.0,Rental,Private,,
1032,x Alvah Kittredge Park,Roxbury,02119,4,2,2,3.0,1.0,2.0,1,1,0.0,Ownership/Rental,Private,,
1033,x American Legion Highway (AOP),Roslindale,02131,8,8,0,0.0,0.0,0.0,8,8,0.0,Rental,Private,,
1036,x and 120-122 Mt. Pleasant Avenue,Roxbury,02119,9,9,0,0.0,0.0,0.0,9,9,0.0,Rental,Private,,
1040,x Arlington St (AOP),Hyde Park,02136,4,4,0,0.0,0.0,0.0,4,4,0.0,Rental,Private,,
1041,x Ashland St,Dorchester,02122,6,6,0,0.0,0.0,0.0,6,6,0.0,Rental,Public,,
1042,x Astoria Street (Beharry VUP),Mattapan,02126,2,2,0,0.0,0.0,0.0,2,2,0.0,Rental,Private,,
1046,x Batchelder St,Dorchester,02125,2,1,1,0.0,0.0,0.0,2,1,1.0,Ownership/Rental,Public,,
1049,x Bellevue Street,Dorchester,02125,3,3,0,0.0,0.0,0.0,3,3,0.0,Rental,Private,,
1051,x Bennington St (AOP),East Boston,02128,2,2,0,0.0,0.0,0.0,2,2,0.0,Rental,Private,,
1052,x Bennington St. EBO 02128-COB,East Boston,02128,3,2,1,0.0,0.0,0.0,3,2,1.0,Ownership/Rental,Private,,
1053,x Birch Rd (RDP),West Roxbury,02122,2,1,1,0.0,0.0,0.0,2,1,1.0,Ownership/Rental,Private,,
1054,x Blackinton St (AOP),East Boston,02128,2,2,0,0.0,0.0,0.0,2,2,0.0,Rental,Private,,
1055,x Blue Hill Ave,Roxbury,02119,3,2,1,0.0,0.0,0.0,3,2,1.0,Ownership/Rental,Private,,
1056,x Blue Hill Ave (REMS buildings),Roxbury,02121,2,2,0,0.0,0.0,0.0,2,2,0.0,Rental,Private,,
1058,x Boardman St,East Boston,02128,6,6,0,0.0,0.0,0.0,6,6,0.0,Rental,Public,,
1060,x Bowdoin St,Dorchester,02124,3,3,0,0.0,0.0,0.0,3,3,0.0,Rental,Public,,
1066,x Breed St (AOP),East Boston,02128,2,2,0,0.0,0.0,0.0,2,2,0.0,Rental,Private,,
1068,x Bremen St (AOP),East Boston,02128,3,3,0,0.0,0.0,0.0,3,3,0.0,Rental,Private,,
1070,x Brooks St (AOP),East Boston,02128,3,3,0,0.0,0.0,0.0,3,3,0.0,Rental,Private,,
1077,x Cameron Street,Dorchester,02125,3,3,0,0.0,0.0,0.0,3,3,0.0,Rental,Private,,
1078,x Carlford Rd,Jamaica Plain,02130,2,2,0,0.0,0.0,0.0,2,2,0.0,Rental,Public,,
1079,x Catawba St - Youthbuild,Roxbury,02119,3,2,1,1.0,1.0,0.0,2,1,1.0,Ownership/Rental,Private,,
1082,x Chamblet Street,Dorchester,02125,2,1,1,0.0,0.0,0.0,2,1,1.0,Ownership/Rental,Private,,
1083,x Chaucer St (AOP),East Boston,02128,3,3,0,0.0,0.0,0.0,3,3,0.0,Rental,Private,,
1086,x Chelsea St (AOP),East Boston,02128,3,3,0,0.0,0.0,0.0,3,3,0.0,Rental,Private,,
1087,x Chelsea Street E. Boston - COB,East Boston,02128,3,2,1,0.0,0.0,0.0,3,2,1.0,Ownership/Rental,Private,,
1088,x Chestnut Ave (1-4 Program),Jamaica Plain,02130,2,1,1,0.0,0.0,0.0,2,1,1.0,Ownership/Rental,Private,,
1091,x Clarkson St,Dorchester,02125,3,2,1,0.0,0.0,0.0,3,2,1.0,Ownership/Rental,Private,,
1092,x Clifton St,Dorchester,02125,2,2,0,0.0,0.0,0.0,2,2,0.0,Rental,Public,,
1093,x Clifton St (RDP),Roxbury,02119,2,1,1,0.0,0.0,0.0,2,1,1.0,Ownership/Rental,Private,,
1095,x Coleman St (1-4 Program),Dorchester,02125,2,1,1,0.0,0.0,0.0,2,1,1.0,Ownership/Rental,Private,,
1096,x Coleman St (REO),Dorchester,02125,3,2,1,1.0,0.0,1.0,2,2,0.0,Ownership/Rental,Private,,
1099,x Columbus Ave,Roxbury,02119,5,5,0,0.0,0.0,0.0,5,5,0.0,Rental,Private,,
1107,x Corman Road Mattapan - COB,Mattapan,02126,2,1,1,1.0,0.0,1.0,1,0,1.0,Ownership,Private,,
1111,x D St,South Boston,02127,8,8,0,0.0,0.0,0.0,8,8,0.0,Rental,Private,,
1113,x Dacia Street,Roxbury,02125,3,2,1,0.0,0.0,0.0,3,2,1.0,Ownership/Rental,Private,,
1115,x Devon Street,Dorchester,02121,3,3,0,0.0,0.0,0.0,3,3,0.0,Rental,Private,,
1121,x Dorchester St.,South Boston,02127,7,7,0,0.0,0.0,0.0,7,7,0.0,Rental,Private,,
1122,x Draper St (BuildHOME),Dorchester,02122,2,1,1,1.0,1.0,0.0,1,0,1.0,Ownership/Rental,Private,,
1123,x Dudley St (REO),Dorchester,02125,4,4,0,0.0,0.0,0.0,4,4,0.0,Rental,Private,,
1125,x Dunlap Street,Dorchester,02124,3,3,0,0.0,0.0,0.0,3,3,0.0,Rental,Private,,
1126,x Dunreath St (RDP),Roxbury,02119,3,2,1,0.0,0.0,0.0,3,2,1.0,Ownership/Rental,Private,,
1127,x E Eagle Street (AOP),East Boston,02128,3,3,0,0.0,0.0,0.0,3,3,0.0,Rental,Private,,
1136,x East Springfield St,South End,02118,5,5,0,0.0,0.0,0.0,5,5,0.0,Rental,Private,,Y
1138,x Elizabeth St,Mattapan,02126,6,6,0,0.0,0.0,0.0,6,6,0.0,Rental,Private,,
1139,x Ellington St,Dorchester,02121,6,6,0,0.0,0.0,0.0,6,6,0.0,Cooperative,Private,,
1140,x Elwyn Road (REO),Dorchester,02124,3,3,0,0.0,0.0,0.0,3,3,0.0,Rental,Private,,
1141,x Esmond Street,Dorchester,02121,2,1,1,1.0,1.0,0.0,1,0,1.0,Ownership/Rental,Private,,
1143,x Eutaw St (AOP),East Boston,02128,3,3,0,0.0,0.0,0.0,3,3,0.0,Rental,Private,,
1146,x Fairland St (Lee VUP),Roxbury,02119,3,2,1,1.0,0.0,1.0,2,2,0.0,Ownership/Rental,Private,,
1148,x Falcon St (AOP),East Boston,02128,2,2,0,0.0,0.0,0.0,2,2,0.0,Rental,Private,,
1151,x Fottler (REMS Land),Mattapan,02126,2,1,1,0.0,0.0,0.0,2,1,1.0,Ownership/Rental,Private,,
1153,x Gladstone St (AOP),East Boston,02128,3,3,0,0.0,0.0,0.0,3,3,0.0,Rental,Private,,
1154,x Glendon St (AOP),East Boston,02128,3,3,0,0.0,0.0,0.0,3,3,0.0,Rental,Private,,
1155,x Glenway St,Dorchester,02121,3,2,1,0.0,0.0,0.0,3,2,1.0,Ownership/Rental,Private,,
1156,x Glenway Street,Dorchester,02121,2,1,1,0.0,0.0,0.0,2,1,1.0,Ownership/Rental,Private,,
1157,x Glenway Street (1-4),Dorchester,02121,3,2,1,0.0,0.0,0.0,3,2,1.0,Ownership/Rental,Private,,
1160,x Greenbrier St (BuildHome),Dorchester,02124,2,1,1,1.0,1.0,0.0,1,0,1.0,Ownership/Rental,Private,,
1161,x Greenwich Park*,South End,02118,5,5,0,0.0,0.0,0.0,5,5,0.0,Rental,Private,,
1165,x Harold Street,Roxbury,02119,3,3,0,0.0,0.0,0.0,3,3,0.0,Rental,Private,,
1169,x Harvard Street,Dorchester,02124,3,3,0,0.0,0.0,0.0,3,3,0.0,Rental,Private,,
1171,x Hawthorne Street,Roxbury,02119,2,1,1,0.0,0.0,0.0,2,1,1.0,Ownership/Rental,Private,,
1174,x Hendry St (REO),Dorchester,02122,3,2,1,0.0,0.0,0.0,3,2,1.0,Ownership/Rental,Private,,
1178,x Holborn Terrace,Roxbury,02121,8,8,0,0.0,0.0,0.0,8,8,0.0,Rental,Private,,
1179,x Hollander Street,Roxbury,02121,2,1,1,0.0,0.0,0.0,2,1,1.0,Ownership/Rental,Private,,
1181,x Hosmer St (Lee VUP),Mattapan,02126,2,1,1,1.0,0.0,1.0,1,1,0.0,Ownership/Rental,Private,,
1183,x Howard Ave,Roxbury,02125,3,2,1,0.0,0.0,0.0,3,2,1.0,Ownership/Rental,Private,,
1184,x Huckins St,Roxbury,02119,4,4,0,0.0,0.0,0.0,4,4,0.0,Cooperative,Private,,
1186,x Humboldt Avenue,Roxbury,02121,3,3,0,0.0,0.0,0.0,3,3,0.0,Rental,Private,,
1188,x Humphreys Place (AOP),Dorchester,02125,6,6,0,0.0,0.0,0.0,6,6,0.0,Rental,Private,,
1192,x Hyde Park Avenue,Roslindale,02136,2,2,0,0.0,0.0,0.0,2,2,0.0,Rental,Private,,
1195,x Juniper Street,Roxbury,02119,4,3,1,1.0,1.0,0.0,3,2,1.0,Ownership/Rental,Private,,
1196,x Kingsdale St,Dorchester,02124,3,1,2,1.0,0.0,1.0,2,1,1.0,Ownership/Rental,Private,,
1198,x Landor Road,Mattapan,02126,3,3,0,0.0,0.0,0.0,3,3,0.0,Rental,Private,,
1200,x Lawrence Avenue,Dorchester,02121,3,2,1,0.0,0.0,0.0,3,2,1.0,Ownership/Rental,Private,,
1202,x Leroy St (AOP),Dorchester,02122,3,3,0,0.0,0.0,0.0,3,3,0.0,Rental,Private,,
1203,x Levant St,Dorchester,02122,3,2,1,0.0,0.0,0.0,3,2,1.0,Ownership/Rental,Private,,
1204,x Lexington Ave (AOP),Hyde Park,02136,3,3,0,0.0,0.0,0.0,3,3,0.0,Rental,Private,,
1205,x Lexington St (1-4 Program),East Boston,02128,2,1,1,0.0,0.0,0.0,2,1,1.0,Ownership/Rental,Private,,
1207,x Leyden St (AOP),East Boston,02128,3,3,0,0.0,0.0,0.0,3,3,0.0,Rental,Private,,
1208,x Lorne Street,Dorchester,02124,3,3,0,0.0,0.0,0.0,3,3,0.0,Rental,Private,,
1209,x Magnolia St,Dorchester,02121,2,1,1,0.0,0.0,0.0,2,1,1.0,Ownership/Rental,Private,,
1210,x Magnolia St (RDP),Dorchester,02125,2,1,1,0.0,0.0,0.0,2,1,1.0,Ownership/Rental,Private,,
1211,x Mallon Road,Dorchester,02121,2,1,1,0.0,0.0,0.0,2,1,1.0,Ownership/Rental,Private,,
1215,x Marion St,East Boston,02128,2,1,1,0.0,0.0,0.0,2,1,1.0,Ownership/Rental,Private,,
1222,x Maverick St (AOP),East Boston,02128,3,3,0,0.0,0.0,0.0,3,3,0.0,Rental,Private,,
1223,x Maywood Street,Roxbury,02119,3,2,1,1.0,0.0,1.0,2,2,0.0,Ownership/Rental,Private,,
1226,x Metropolitan Ave,Hyde Park,02136,6,6,0,0.0,0.0,0.0,6,6,0.0,Rental,Private,,
1228,x Minden St,Jamaica Plain,02130,2,1,1,0.0,0.0,0.0,2,1,1.0,Ownership/Rental,Private,,
1229,x Minden Street,Jamaica Plain,02130,2,2,0,0.0,0.0,0.0,2,2,0.0,Rental,Private,,
1231,x Monsignor Way,Dorchester,02124,6,6,0,0.0,0.0,0.0,6,6,0.0,Rental,Private,,
1232,x Morris Street (AOP),East Boston,02128,3,3,0,0.0,0.0,0.0,3,3,0.0,Rental,Private,,
1233,x Morse Street,Dorchester,02121,6,6,0,0.0,0.0,0.0,6,6,0.0,Rental,Private,,
1234,x Mount Everett NHI,Dorchester,02125,2,1,1,0.0,0.0,0.0,2,1,1.0,Ownership/Rental,Private,,
1237,x Mt. Pleasant Avenue,Roxbury,02119,8,8,0,0.0,0.0,0.0,8,8,0.0,Rental,Private,,
1238,x Murray Ave,Roxbury,02119,2,1,1,0.0,0.0,0.0,2,1,1.0,Ownership/Rental,Private,,
1239,x Murray Ave (1-4),Roxbury,02119,2,1,1,0.0,0.0,0.0,2,1,1.0,Ownership/Rental,Private,,
1244,x Nelson Street,Dorchester,02124,2,1,1,0.0,0.0,0.0,2,1,1.0,Ownership/Rental,Private,,
1247,x Nightingale Street,Dorchester,02124,3,2,1,0.0,0.0,0.0,3,2,1.0,Ownership/Rental,Private,,
1248,x Norfolk Street (RDP),Dorchester,02124,2,1,1,0.0,0.0,0.0,2,1,1.0,Ownership/Rental,Private,,
1249,x North Ave/YouthBuild,Roxbury,02119,1,1,0,0.0,0.0,0.0,1,1,0.0,Rental,Private,,
1250,x Northampton Apts,Roxbury,02118,9,9,0,0.0,0.0,0.0,9,9,0.0,Rental,Private,,
1258,x Page St (James VUP),Dorchester,02121,2,2,0,0.0,0.0,0.0,2,2,0.0,Rental,Private,,
1260,x Park St,Dorchester,02122,2,1,1,0.0,0.0,0.0,2,1,1.0,Ownership/Rental,Private,,
1264,x Peacevale Rd,Dorchester,02124,2,1,1,0.0,0.0,0.0,2,1,1.0,Ownership/Rental,Private,,
1269,x Prescott Street,East Boston,02128,2,1,1,0.0,0.0,0.0,2,1,1.0,Ownership/Rental,Private,,
1271,x Princeton St (AOP),East Boston,02128,3,3,0,0.0,0.0,0.0,3,3,0.0,Rental,Private,,
1274,x Putnam St (AOP),East Boston,02128,3,3,0,0.0,0.0,0.0,3,3,0.0,Rental,Private,,
1275,x Quincy St (REO),Roxbury,02125,3,2,1,0.0,0.0,0.0,3,2,1.0,Ownership/Rental,Private,,
1276,x Quincy Street,Dorchester,02122,3,2,1,1.0,0.0,1.0,2,2,0.0,Ownership/Rental,Private,,
1278,x Ridgewood St. (REO),Dorchester,02122,3,3,0,0.0,0.0,0.0,3,3,0.0,Rental,Private,,
1279,x Rill St (BuildHome),Dorchester,02125,2,1,1,1.0,1.0,0.0,1,0,1.0,Ownership/Rental,Private,,
1282,x River Street,Mattapan,02126,3,2,1,0.0,0.0,0.0,3,2,1.0,Ownership/Rental,Private,,
1290,x Saratoga St,East Boston,02128,3,2,1,0.0,0.0,0.0,3,2,1.0,Ownership/Rental,Private,,
1291,x Saratoga St (AOP),East Boston,02128,3,3,0,0.0,0.0,0.0,3,3,0.0,Rental,Private,,
1293,x Savin Street,Roxbury,02119,2,1,1,0.0,0.0,0.0,2,1,1.0,Ownership/Rental,Private,,
1294,x Schuyler St (BuildHome),Roxbury,02121,2,1,1,0.0,0.0,0.0,2,1,1.0,Ownership/Rental,Private,,
1295,x Seaver Street,Dorchester,02121,2,1,1,0.0,0.0,0.0,2,1,1.0,Ownership/Rental,Private,,
1297,x Selden St (BuildHome),Dorchester,02124,2,1,1,1.0,1.0,0.0,1,0,1.0,Ownership/Rental,Private,,
1300,x Southern Ave (Johnson VUP),Dorchester,02124,1,1,0,0.0,0.0,0.0,1,1,0.0,Rental,Private,,
1301,x Spencer St (RDP),Dorchester,02124,3,2,1,0.0,0.0,0.0,3,2,1.0,Ownership/Rental,Private,,
1302,x Spencer Street,Dorchester,02124,3,2,1,1.0,0.0,1.0,2,2,0.0,Ownership/Rental,Private,,
1305,x St Andrew Rd (AOP),East Boston,02128,3,3,0,0.0,0.0,0.0,3,3,0.0,Rental,Private,,
1306,x St. Andrew Rd (AOP),East Boston,02128,3,3,0,0.0,0.0,0.0,3,3,0.0,Rental,Private,,
1310,x Stoughton Neighborhood Homes,Dorchester,02125,2,1,1,0.0,0.0,0.0,2,1,1.0,Ownership/Rental,Private,,
1311,x Stratton Street,Dorchester,02124,3,2,1,0.0,0.0,0.0,3,2,1.0,Ownership/Rental,Private,,
1320,x Talbot Ave (REO),Dorchester,02124,4,3,1,0.0,0.0,0.0,4,3,1.0,Ownership/Rental,Private,,
1321,x Talbot Avenue,Dorchester,02124,7,7,0,0.0,0.0,0.0,7,7,0.0,Rental,Private,,
1323,x Toledo Terrace,Dorchester,02122,3,2,1,0.0,0.0,0.0,3,2,1.0,Ownership/Rental,Private,,
1324,x Tonawanda St (Johnson VUP),Dorchester,02124,1,1,0,0.0,0.0,0.0,1,1,0.0,Rental,Private,,
1325,x Topliff St (REO),Dorchester,02122,3,2,1,1.0,0.0,1.0,2,2,0.0,Ownership/Rental,Private,,
1326,x Tremlett Street,Dorchester,02124,2,1,1,1.0,1.0,0.0,1,0,1.0,Ownership/Rental,Private,,
1327,x Tremont,South End,02118,4,4,0,3.0,3.0,0.0,1,1,0.0,Rental,Private,,
1328,x Tremont St,South End,02118,7,7,0,0.0,0.0,0.0,7,7,0.0,Rental,Private,,
1337,x W Park St (AOP),Dorchester,02124,3,3,0,0.0,0.0,0.0,3,3,0.0,Rental,Private,,
1339,x W Second St,South Boston,02127,2,1,1,0.0,0.0,0.0,2,1,1.0,Ownership/Rental,Private,,
1340,x Walk Hill St (Johnson VUP),Mattapan,02126,3,2,1,1.0,0.0,1.0,2,2,0.0,Ownership/Rental,Private,,
1344,x Warren Street (1-4),Roxbury,02119,3,2,1,0.0,0.0,0.0,3,2,1.0,Ownership/Rental,Private,,
1345,x Warren Supportive Housing Phase 1 - Acquisition,Roxbury,02121,10,10,0,0.0,0.0,0.0,10,10,0.0,Rental,Private,,
1352,x Washington St Lodging,Dorchester,02124,10,10,0,0.0,0.0,0.0,10,10,0.0,Rental,Private,,
1355,x Waverly Street,Roxbury,02119,8,8,0,0.0,0.0,0.0,8,8,0.0,Rental,Private,,
1356,x Wayland St. Dorchester - COB,Roxbury,02125,3,2,1,0.0,0.0,0.0,3,2,1.0,Ownership/Rental,Private,,
1357,"x Wellesley Park, #1",Dorchester,02124,2,1,1,1.0,0.0,1.0,1,1,0.0,Ownership/Rental,Private,,
1358,x Wenhan St (RDP),Jamaica Plain,02130,2,1,1,0.0,0.0,0.0,2,1,1.0,Ownership/Rental,Private,,
1359,x Wentworth St (BuildHome),Dorchester,02124,2,1,1,1.0,1.0,0.0,1,0,1.0,Ownership/Rental,Private,,
1368,x Westminster (AOP),Hyde Park,02136,6,6,0,0.0,0.0,0.0,6,6,0.0,Rental,Private,,
1369,x Westmore Rd (BuildHome),Mattapan,02126,2,1,1,1.0,1.0,0.0,1,0,1.0,Ownership/Rental,Private,,
1370,x Wheatland Avenue,Dorchester,02124,2,1,1,0.0,0.0,0.0,2,1,1.0,Ownership/Rental,Private,,
1371,x Wildwood Street,Dorchester,02124,3,3,0,0.0,0.0,0.0,3,3,0.0,Rental,Private,,
1373,x Winston Rd,Dorchester,02126,6,6,0,0.0,0.0,0.0,6,6,0.0,Rental,Private,,
1375,x Woodbine Street,Roxbury,02119,2,1,1,0.0,0.0,0.0,2,1,1.0,Ownership/Rental,Private,,
1376,x Woodrow Ave (James VUP),Dorchester,02124,2,1,1,1.0,0.0,1.0,1,1,0.0,Ownership/Rental,Private,,
1377,x Woodville,Roxbury,02119,2,1,1,0.0,0.0,0.0,2,1,1.0,Ownership/Rental,Private,,
1379,x Wordsworth St (AOP),East Boston,02128,3,3,0,0.0,0.0,0.0,3,3,0.0,Rental,Private,,
1380,x x Harrishof St,Roxbury,02121,3,2,1,0.0,0.0,0.0,3,2,1.0,Ownership/Rental,Private,,
1381,x Zeigler Street,Roxbury,02119,8,8,0,0.0,0.0,0.0,8,8,0.0,Rental,Private,,
1384,xx Blue Hill Ave,Roxbury,02119,2,2,0,0.0,0.0,0.0,2,2,0.0,Rental,Private,,
1385,xx Bowdoin St,Dorchester,02124,2,2,0,0.0,0.0,0.0,2,2,0.0,Rental,Public,,
1386,xx Chaucer St (AOP),East Boston,02128,2,2,0,0.0,0.0,0.0,2,2,0.0,Rental,Private,,
1387,xx Chelsea St (AOP),East Boston,02128,3,3,0,0.0,0.0,0.0,3,3,0.0,Rental,Private,,
1390,xx Dorchester Ave,Dorchester,02124,6,6,0,0.0,0.0,0.0,6,6,0.0,Rental,Private,,
1393,xx Everett St,East Boston,02128,3,2,1,0.0,0.0,0.0,3,2,1.0,Ownership/Rental,Private,,
1394,xx Gladstone St (AOP),East Boston,02128,3,3,0,0.0,0.0,0.0,3,3,0.0,Rental,Private,,
1396,xx Huckins St,Roxbury,02119,4,4,0,0.0,0.0,0.0,4,4,0.0,Cooperative,Private,,
1398,xx Lexington St (1-4 Program),East Boston,02128,2,1,1,0.0,0.0,0.0,2,1,1.0,Ownership/Rental,Private,,
1399,xx Magnolia St,Dorchester,02125,2,1,1,0.0,0.0,0.0,2,1,1.0,Ownership/Rental,Private,,
1400,xx Marion St,East Boston,02128,2,1,1,0.0,0.0,0.0,2,1,1.0,Ownership/Rental,Private,,
1403,xx Maywood Street,Roxbury,02119,2,1,1,0.0,0.0,0.0,2,1,1.0,Ownership/Rental,Private,,
1404,xx Nelson Street,Dorchester,02124,3,3,0,0.0,0.0,0.0,3,3,0.0,Rental,Private,,
1406,xx River Street,Hyde Park,02136,3,2,1,1.0,0.0,1.0,2,2,0.0,Ownership/Rental,Private,,
1407,xx Saratoga St (AOP),East Boston,02128,3,3,0,0.0,0.0,0.0,3,3,0.0,Rental,Private,,
1412,xx Wentworth St (BuildHome),Dorchester,02124,2,1,1,1.0,1.0,0.0,1,0,1.0,Ownership/Rental,Private,,
1416,xxx Blue Hill Ave,Roxbury,02119,3,2,1,0.0,0.0,0.0,3,1,2.0,Ownership/Rental,Private,,
1417,xxx Blue Hill Avenue,Dorchester,02121,3,3,0,0.0,0.0,0.0,3,3,0.0,Rental,Private,,
1419,xxx Clarkson St (REO),Dorchester,02125,2,1,1,0.0,0.0,0.0,2,1,1.0,Ownership/Rental,Private,,
1421,xxx Marion St,East Boston,02128,2,1,1,0.0,0.0,0.0,2,1,1.0,Ownership/Rental,Private,,
1429,xxxx Clarkson St (REO),Dorchester,02125,3,2,1,0.0,0.0,0.0,3,2,1.0,Ownership/Rental,Private,,
1430,xxxx Saratoga Street,East Boston,02128,6,6,0,0.0,0.0,0.0,6,6,0.0,Rental,Private,,Y
1431,xxxx Washington St,Jamaica Plain,02130,3,2,1,0.0,0.0,0.0,3,2,1.0,Ownership/Rental,Private,,
1433,xxxxx Blue Hill Ave,Dorchester,02121,4,4,0,0.0,0.0,0.0,4,4,0.0,Rental,Public,,
1434,xxxxx Clarkson St (REO),Dorchester,02125,3,2,1,1.0,0.0,1.0,2,2,0.0,Ownership/Rental,Private,,
1437,xxxxxx Washington St,Dorchester,02124,2,2,0,0.0,0.0,0.0,2,2,0.0,Rental,Private,,
1439,xxxxxxx Blue Hill Ave,Roxbury,02119,10,10,0,0.0,0.0,0.0,10,10,0.0,Rental,Public,,
1440,xxxxxxxx Blue Hill Ave,Roxbury,02119,4,4,0,0.0,0.0,0.0,4,4,0.0,Rental,Private,,
1444,Zebra Condominium,South End,02118,10,7,3,7.0,7.0,0.0,3,0,3.0,Ownership/Rental,Private,,
